Unnamed: 0,id_covers,id_user,id_company,date_added,date_waste,kitchen,shift,covers
14209,78880,belle@fit.com,BM Belle,2022-05-04 05:57:33,2022-04-30 00:00:00,Beach Rouge,Lunch,297
14210,78879,belle@fit.com,BM Belle,2022-05-04 05:57:08,2022-04-29 00:00:00,Beach Rouge,Lunch,129
14212,78877,belle@fit.com,BM Belle,2022-05-04 05:57:08,2022-04-28 00:00:00,Beach Rouge,Lunch,296
14214,78875,belle@fit.com,BM Belle,2022-05-04 05:57:08,2022-04-27 00:00:00,Beach Rouge,Lunch,136
14216,78873,belle@fit.com,BM Belle,2022-05-04 05:45:36,2022-04-26 00:00:00,Beach Rouge,Lunch,116
14218,78871,belle@fit.com,BM Belle,2022-05-04 05:45:36,2022-04-25 00:00:00,Beach Rouge,Lunch,217
20242,78147,belle@fit.com,BM Belle,2022-04-21 07:35:01,2022-04-20 00:00:00,Beach Rouge,Lunch,269
20298,78090,belle@fit.com,BM Belle,2022-04-20 09:22:00,2022-04-06 00:00:00,Beach Rouge,Lunch,246
20299,78089,belle@fit.com,BM Belle,2022-04-20 09:21:26,2022-04-12 00:00:00,Beach Rouge,Lunch,221
20306,78082,belle@fit.com,BM Belle,2022-04-20 07:41:31,2022-04-19 00:00:00,Beach Rouge,Lunch,174
20309,78079,belle@fit.com,BM Belle,2022-04-20 07:40:44,2022-04-18 00:00:00,Beach Rouge,Lunch,205
20310,78078,belle@fit.com,BM Belle,2022-04-20 07:40:22,2022-04-17 00:00:00,Beach Rouge,Lunch,207
20312,78076,belle@fit.com,BM Belle,2022-04-20 07:40:00,2022-04-16 00:00:00,Beach Rouge,Lunch,227
20314,78074,belle@fit.com,BM Belle,2022-04-20 07:39:39,2022-04-15 00:00:00,Beach Rouge,Lunch,214
20316,78072,belle@fit.com,BM Belle,2022-04-20 07:39:20,2022-04-14 00:00:00,Beach Rouge,Lunch,161
20326,78063,belle@fit.com,BM Belle,2022-04-20 07:37:35,2022-04-13 00:00:00,Beach Rouge,Lunch,190
20340,78049,belle@fit.com,BM Belle,2022-04-20 07:36:22,2022-04-11 00:00:00,Beach Rouge,Lunch,180
20342,78047,belle@fit.com,BM Belle,2022-04-20 07:36:08,2022-04-10 00:00:00,Beach Rouge,Lunch,225
20345,78045,belle@fit.com,BM Belle,2022-04-20 07:35:44,2022-04-09 00:00:00,Beach Rouge,Lunch,264
20349,78040,belle@fit.com,BM Belle,2022-04-20 07:35:29,2022-04-08 00:00:00,Beach Rouge,Lunch,240
20352,78038,belle@fit.com,BM Belle,2022-04-20 07:35:12,2022-04-07 00:00:00,Beach Rouge,Lunch,231
20357,78032,belle@fit.com,BM Belle,2022-04-20 07:34:25,2022-04-05 00:00:00,Beach Rouge,Lunch,192
20359,78030,belle@fit.com,BM Belle,2022-04-20 07:34:09,2022-04-04 00:00:00,Beach Rouge,Lunch,234
20361,78028,belle@fit.com,BM Belle,2022-04-20 07:33:55,2022-04-03 00:00:00,Beach Rouge,Lunch,252
20363,78026,belle@fit.com,BM Belle,2022-04-20 07:33:42,2022-04-02 00:00:00,Beach Rouge,Lunch,191
20367,78022,belle@fit.com,BM Belle,2022-04-20 07:33:26,2022-04-01 00:00:00,Beach Rouge,Lunch,190
21318,77057,belle@fit.com,BM Belle,2022-04-04 04:56:46,2022-03-31 00:00:00,Beach Rouge,Lunch,161
21320,77055,belle@fit.com,BM Belle,2022-04-04 04:55:41,2022-03-30 00:00:00,Beach Rouge,Lunch,155
21492,76878,belle@fit.com,BM Belle,2022-03-30 10:33:42,2022-03-29 00:00:00,Beach Rouge,Lunch,164
21494,76876,belle@fit.com,BM Belle,2022-03-30 10:33:30,2022-03-28 00:00:00,Beach Rouge,Lunch,148
21496,76874,belle@fit.com,BM Belle,2022-03-30 10:33:17,2022-03-27 00:00:00,Beach Rouge,Lunch,176
21498,76872,belle@fit.com,BM Belle,2022-03-30 10:33:01,2022-03-26 00:00:00,Beach Rouge,Lunch,182
21500,76870,belle@fit.com,BM Belle,2022-03-30 10:32:46,2022-03-25 00:00:00,Beach Rouge,Lunch,154
21502,76868,belle@fit.com,BM Belle,2022-03-30 10:32:33,2022-03-24 00:00:00,Beach Rouge,Lunch,254
21504,76866,belle@fit.com,BM Belle,2022-03-30 10:31:02,2022-03-23 00:00:00,Beach Rouge,Lunch,151
21778,76586,belle@fit.com,BM Belle,2022-03-23 10:02:09,2022-03-22 00:00:00,Beach Rouge,Lunch,153
21780,76584,belle@fit.com,BM Belle,2022-03-23 10:01:48,2022-03-21 00:00:00,Beach Rouge,Lunch,108
21782,76582,belle@fit.com,BM Belle,2022-03-23 10:01:34,2022-03-20 00:00:00,Beach Rouge,Lunch,147
21784,76580,belle@fit.com,BM Belle,2022-03-23 10:01:21,2022-03-19 00:00:00,Beach Rouge,Lunch,153
21786,76578,belle@fit.com,BM Belle,2022-03-23 10:01:03,2022-03-18 00:00:00,Beach Rouge,Lunch,131
21788,76576,belle@fit.com,BM Belle,2022-03-23 10:00:49,2022-03-17 00:00:00,Beach Rouge,Lunch,136
21790,76574,belle@fit.com,BM Belle,2022-03-23 10:00:33,2022-03-16 00:00:00,Beach Rouge,Lunch,120
21792,76572,belle@fit.com,BM Belle,2022-03-23 10:00:19,2022-03-15 00:00:00,Beach Rouge,Lunch,130
22659,78408,belle@fit.com,BM Belle,2022-04-26 05:07:47,2022-04-24 00:00:00,Beach Rouge,Lunch,187
22661,78406,belle@fit.com,BM Belle,2022-04-26 05:07:22,2022-04-23 00:00:00,Beach Rouge,Lunch,167
22663,78404,belle@fit.com,BM Belle,2022-04-26 05:06:56,2022-04-22 00:00:00,Beach Rouge,Lunch,296
22844,78224,belle@fit.com,BM Belle,2022-04-22 10:52:05,2022-04-21 00:00:00,Beach Rouge,Lunch,174
27224,65038,belle@fit.com,BM Belle,2021-10-06 07:43:36,2021-10-01 00:00:00,Beach Rouge,Lunch,34
27290,65042,belle@fit.com,BM Belle,2021-10-06 07:53:59,2021-10-03 00:00:00,Beach Rouge,Lunch,101
27292,65044,belle@fit.com,BM Belle,2021-10-06 07:53:59,2021-10-04 00:00:00,Beach Rouge,Lunch,135
27324,65040,belle@fit.com,BM Belle,2021-10-06 07:53:59,2021-10-02 00:00:00,Beach Rouge,Lunch,111
27356,65046,belle@fit.com,BM Belle,2021-10-06 10:20:30,2021-10-05 00:00:00,Beach Rouge,Lunch,70
27391,65081,belle@fit.com,BM Belle,2021-10-07 05:42:21,2021-10-06 00:00:00,Beach Rouge,Lunch,74
27592,65286,belle@fit.com,BM Belle,2021-10-11 06:29:18,2021-10-07 00:00:00,Beach Rouge,Lunch,53
27594,65288,belle@fit.com,BM Belle,2021-10-11 06:29:18,2021-10-08 00:00:00,Beach Rouge,Lunch,116
27596,65290,belle@fit.com,BM Belle,2021-10-11 06:29:18,2021-10-09 00:00:00,Beach Rouge,Lunch,228
27597,65291,belle@fit.com,BM Belle,2021-10-11 06:29:18,2021-10-10 00:00:00,Beach Rouge,Lunch,220
27799,65500,belle@fit.com,BM Belle,2021-10-16 05:28:44,2021-10-11 00:00:00,Beach Rouge,Lunch,133
27801,65502,belle@fit.com,BM Belle,2021-10-16 05:28:44,2021-10-12 00:00:00,Beach Rouge,Lunch,129
27803,65504,belle@fit.com,BM Belle,2021-10-16 05:28:44,2021-10-13 00:00:00,Beach Rouge,Lunch,104
27804,65505,belle@fit.com,BM Belle,2021-10-16 05:29:23,2021-10-14 00:00:00,Beach Rouge,Lunch,177
27806,65507,belle@fit.com,BM Belle,2021-10-16 06:21:50,2021-10-15 00:00:00,Beach Rouge,Lunch,213
27973,65683,belle@fit.com,BM Belle,2021-10-18 11:40:25,2021-10-16 00:00:00,Beach Rouge,Lunch,122
27975,65685,belle@fit.com,BM Belle,2021-10-18 11:40:25,2021-10-17 00:00:00,Beach Rouge,Lunch,190
28145,66172,belle@fit.com,BM Belle,2021-10-26 08:33:39,2021-10-23 00:00:00,Beach Rouge,Lunch,282
28147,66170,belle@fit.com,BM Belle,2021-10-26 08:32:49,2021-10-22 00:00:00,Beach Rouge,Lunch,187
28191,65908,belle@fit.com,BM Belle,2021-10-21 09:44:49,2021-10-19 00:00:00,Beach Rouge,Lunch,155
28193,65910,belle@fit.com,BM Belle,2021-10-21 09:44:49,2021-10-20 00:00:00,Beach Rouge,Lunch,163
28200,65919,belle@fit.com,BM Belle,2021-10-21 11:40:28,2021-10-18 00:00:00,Beach Rouge,Lunch,125
28226,65945,belle@fit.com,BM Belle,2021-10-22 05:42:35,2021-10-21 00:00:00,Beach Rouge,Lunch,166
28450,66174,belle@fit.com,BM Belle,2021-10-26 08:33:39,2021-10-24 00:00:00,Beach Rouge,Lunch,187
28452,66176,belle@fit.com,BM Belle,2021-10-26 08:33:39,2021-10-25 00:00:00,Beach Rouge,Lunch,196
28615,66341,belle@fit.com,BM Belle,2021-10-29 10:51:14,2021-10-26 00:00:00,Beach Rouge,Lunch,177
28617,66343,belle@fit.com,BM Belle,2021-10-29 10:51:14,2021-10-27 00:00:00,Beach Rouge,Lunch,177
28619,66345,belle@fit.com,BM Belle,2021-10-29 10:51:14,2021-10-28 00:00:00,Beach Rouge,Lunch,147
28991,66720,belle@fit.com,BM Belle,2021-11-03 05:38:51,2021-10-29 00:00:00,Beach Rouge,Lunch,201
28993,66722,belle@fit.com,BM Belle,2021-11-03 05:44:53,2021-10-30 00:00:00,Beach Rouge,Lunch,150
28995,66724,belle@fit.com,BM Belle,2021-11-03 05:56:41,2021-10-31 00:00:00,Beach Rouge,Lunch,282
29397,67153,belle@fit.com,BM Belle,2021-11-10 08:54:54,2021-11-01 00:00:00,Beach Rouge,Lunch,199
29399,67155,belle@fit.com,BM Belle,2021-11-10 08:54:54,2021-11-02 00:00:00,Beach Rouge,Lunch,286
29401,67157,belle@fit.com,BM Belle,2021-11-10 08:54:54,2021-11-03 00:00:00,Beach Rouge,Lunch,149
29403,67159,belle@fit.com,BM Belle,2021-11-10 08:54:54,2021-11-04 00:00:00,Beach Rouge,Lunch,333
29405,67161,belle@fit.com,BM Belle,2021-11-10 08:54:54,2021-11-05 00:00:00,Beach Rouge,Lunch,159
29407,67163,belle@fit.com,BM Belle,2021-11-10 08:54:54,2021-11-06 00:00:00,Beach Rouge,Lunch,196
29409,67165,belle@fit.com,BM Belle,2021-11-10 08:54:54,2021-11-07 00:00:00,Beach Rouge,Lunch,0
29411,67167,belle@fit.com,BM Belle,2021-11-10 08:54:54,2021-11-08 00:00:00,Beach Rouge,Lunch,179
29413,67169,belle@fit.com,BM Belle,2021-11-10 08:54:54,2021-11-09 00:00:00,Beach Rouge,Lunch,80
29450,67206,belle@fit.com,BM Belle,2021-11-11 08:54:53,2021-11-10 00:00:00,Beach Rouge,Lunch,92
29617,67376,belle@fit.com,BM Belle,2021-11-15 05:53:34,2021-11-11 00:00:00,Beach Rouge,Lunch,211
29619,67378,belle@fit.com,BM Belle,2021-11-15 05:53:34,2021-11-12 00:00:00,Beach Rouge,Lunch,246
29621,67380,belle@fit.com,BM Belle,2021-11-15 05:53:34,2021-11-13 00:00:00,Beach Rouge,Lunch,143
29623,67382,belle@fit.com,BM Belle,2021-11-15 05:53:34,2021-11-14 00:00:00,Beach Rouge,Lunch,141
32319,70096,belle@fit.com,BM Belle,2021-12-03 11:03:52,2021-11-15 00:00:00,Beach Rouge,Lunch,301
32321,70098,belle@fit.com,BM Belle,2021-12-03 11:03:52,2021-11-16 00:00:00,Beach Rouge,Lunch,250
32323,70100,belle@fit.com,BM Belle,2021-12-03 11:03:52,2021-11-17 00:00:00,Beach Rouge,Lunch,261
32325,70102,belle@fit.com,BM Belle,2021-12-03 11:05:34,2021-11-18 00:00:00,Beach Rouge,Lunch,305
32327,70104,belle@fit.com,BM Belle,2021-12-03 11:05:34,2021-11-19 00:00:00,Beach Rouge,Lunch,333
32329,70106,belle@fit.com,BM Belle,2021-12-03 11:05:34,2021-11-20 00:00:00,Beach Rouge,Lunch,307
32331,70108,belle@fit.com,BM Belle,2021-12-03 11:05:34,2021-11-21 00:00:00,Beach Rouge,Lunch,398
32333,70110,belle@fit.com,BM Belle,2021-12-03 11:05:34,2021-11-22 00:00:00,Beach Rouge,Lunch,304
32335,70112,belle@fit.com,BM Belle,2021-12-03 11:06:19,2021-11-23 00:00:00,Beach Rouge,Lunch,200
32337,70114,belle@fit.com,BM Belle,2021-12-03 11:06:19,2021-11-24 00:00:00,Beach Rouge,Lunch,322
32339,70116,belle@fit.com,BM Belle,2021-12-03 11:06:19,2021-11-25 00:00:00,Beach Rouge,Lunch,224
32341,70118,belle@fit.com,BM Belle,2021-12-03 11:06:28,2021-11-26 00:00:00,Beach Rouge,Lunch,306
32343,70120,belle@fit.com,BM Belle,2021-12-03 11:07:16,2021-11-27 00:00:00,Beach Rouge,Lunch,300
32345,70122,belle@fit.com,BM Belle,2021-12-03 11:07:16,2021-11-28 00:00:00,Beach Rouge,Lunch,195
32347,70124,belle@fit.com,BM Belle,2021-12-03 11:07:16,2021-11-29 00:00:00,Beach Rouge,Lunch,283
32349,70126,belle@fit.com,BM Belle,2021-12-03 11:07:56,2021-11-30 00:00:00,Beach Rouge,Lunch,313
32351,70128,belle@fit.com,BM Belle,2021-12-03 11:07:56,2021-12-01 00:00:00,Beach Rouge,Lunch,294
32353,70130,belle@fit.com,BM Belle,2021-12-03 11:07:56,2021-12-02 00:00:00,Beach Rouge,Lunch,276
32502,70280,belle@fit.com,BM Belle,2021-12-07 06:39:46,2021-12-03 00:00:00,Beach Rouge,Lunch,138
32504,70282,belle@fit.com,BM Belle,2021-12-07 06:39:46,2021-12-04 00:00:00,Beach Rouge,Lunch,89
32506,70284,belle@fit.com,BM Belle,2021-12-07 06:39:46,2021-12-05 00:00:00,Beach Rouge,Lunch,231
32508,70286,belle@fit.com,BM Belle,2021-12-07 06:39:46,2021-12-06 00:00:00,Beach Rouge,Lunch,115
32735,70531,belle@fit.com,BM Belle,2021-12-13 05:22:36,2021-12-07 00:00:00,Beach Rouge,Lunch,221
32737,70533,belle@fit.com,BM Belle,2021-12-13 05:22:36,2021-12-08 00:00:00,Beach Rouge,Lunch,147
32739,70535,belle@fit.com,BM Belle,2021-12-13 05:22:36,2021-12-09 00:00:00,Beach Rouge,Lunch,96
32741,70537,belle@fit.com,BM Belle,2021-12-13 05:22:36,2021-12-10 00:00:00,Beach Rouge,Lunch,96
32743,70539,belle@fit.com,BM Belle,2021-12-13 05:22:36,2021-12-11 00:00:00,Beach Rouge,Lunch,107
32745,70541,belle@fit.com,BM Belle,2021-12-13 05:22:36,2021-12-12 00:00:00,Beach Rouge,Lunch,188
33359,71161,belle@fit.com,BM Belle,2021-12-16 05:51:51,2021-12-13 00:00:00,Beach Rouge,Lunch,126
33361,71163,belle@fit.com,BM Belle,2021-12-16 05:51:52,2021-12-14 00:00:00,Beach Rouge,Lunch,205
33363,71165,belle@fit.com,BM Belle,2021-12-16 05:51:52,2021-12-15 00:00:00,Beach Rouge,Lunch,113
33522,71326,belle@fit.com,BM Belle,2021-12-21 11:06:42,2021-12-16 00:00:00,Beach Rouge,Lunch,184
33524,71328,belle@fit.com,BM Belle,2021-12-21 11:06:42,2021-12-17 00:00:00,Beach Rouge,Lunch,91
33526,71330,belle@fit.com,BM Belle,2021-12-21 11:06:42,2021-12-18 00:00:00,Beach Rouge,Lunch,206
33528,71332,belle@fit.com,BM Belle,2021-12-21 11:06:42,2021-12-19 00:00:00,Beach Rouge,Lunch,188
33530,71334,belle@fit.com,BM Belle,2021-12-21 11:06:42,2021-12-20 00:00:00,Beach Rouge,Lunch,250
33640,71444,belle@fit.com,BM Belle,2021-12-23 06:21:01,2021-12-21 00:00:00,Beach Rouge,Lunch,237
33642,71446,belle@fit.com,BM Belle,2021-12-23 06:21:01,2021-12-22 00:00:00,Beach Rouge,Lunch,132
33905,71714,belle@fit.com,BM Belle,2021-12-27 09:08:52,2021-12-23 00:00:00,Beach Rouge,Lunch,263
33907,71716,belle@fit.com,BM Belle,2021-12-27 09:08:53,2021-12-24 00:00:00,Beach Rouge,Lunch,120
33909,71718,belle@fit.com,BM Belle,2021-12-27 09:08:53,2021-12-25 00:00:00,Beach Rouge,Lunch,243
33911,71720,belle@fit.com,BM Belle,2021-12-27 09:08:53,2021-12-26 00:00:00,Beach Rouge,Lunch,103
34020,71833,belle@fit.com,BM Belle,2021-12-30 08:18:14,2021-12-27 00:00:00,Beach Rouge,Lunch,202
34022,71835,belle@fit.com,BM Belle,2021-12-30 08:18:50,2021-12-28 00:00:00,Beach Rouge,Lunch,174
34024,71837,belle@fit.com,BM Belle,2021-12-30 08:18:50,2021-12-29 00:00:00,Beach Rouge,Lunch,170
34088,71901,belle@fit.com,BM Belle,2021-12-31 07:07:55,2021-12-30 00:00:00,Beach Rouge,Lunch,137
34372,72189,belle@fit.com,BM Belle,2022-01-07 05:19:58,2022-01-01 00:00:00,Beach Rouge,Lunch,210
34374,72191,belle@fit.com,BM Belle,2022-01-07 05:19:58,2022-01-02 00:00:00,Beach Rouge,Lunch,48
34376,72193,belle@fit.com,BM Belle,2022-01-07 05:19:58,2022-01-03 00:00:00,Beach Rouge,Lunch,212
34378,72195,belle@fit.com,BM Belle,2022-01-07 05:19:58,2022-01-04 00:00:00,Beach Rouge,Lunch,164
34380,72197,belle@fit.com,BM Belle,2022-01-07 05:19:58,2022-01-05 00:00:00,Beach Rouge,Lunch,261
34382,72199,belle@fit.com,BM Belle,2022-01-07 05:22:15,2022-01-06 00:00:00,Beach Rouge,Lunch,188
34535,72357,belle@fit.com,BM Belle,2022-01-12 05:25:03,2022-01-07 00:00:00,Beach Rouge,Lunch,138
34537,72359,belle@fit.com,BM Belle,2022-01-12 05:25:03,2022-01-08 00:00:00,Beach Rouge,Lunch,169
34539,72361,belle@fit.com,BM Belle,2022-01-12 05:25:03,2022-01-09 00:00:00,Beach Rouge,Lunch,157
34541,72363,belle@fit.com,BM Belle,2022-01-12 05:25:04,2022-01-10 00:00:00,Beach Rouge,Lunch,118
34561,72383,belle@fit.com,BM Belle,2022-01-12 06:41:08,2022-01-11 00:00:00,Beach Rouge,Lunch,123
35107,72953,belle@fit.com,BM Belle,2022-01-19 09:57:37,2022-01-12 00:00:00,Beach Rouge,Lunch,94
35109,72955,belle@fit.com,BM Belle,2022-01-19 09:57:53,2022-01-13 00:00:00,Beach Rouge,Lunch,222
35111,72957,belle@fit.com,BM Belle,2022-01-19 09:58:16,2022-01-14 00:00:00,Beach Rouge,Lunch,108
35113,72959,belle@fit.com,BM Belle,2022-01-19 09:58:28,2022-01-15 00:00:00,Beach Rouge,Lunch,135
35115,72961,belle@fit.com,BM Belle,2022-01-19 09:58:43,2022-01-16 00:00:00,Beach Rouge,Lunch,182
35117,72963,belle@fit.com,BM Belle,2022-01-19 09:59:01,2022-01-17 00:00:00,Beach Rouge,Lunch,125
35119,72965,belle@fit.com,BM Belle,2022-01-19 09:59:16,2022-01-18 00:00:00,Beach Rouge,Lunch,165
35209,73057,belle@fit.com,BM Belle,2022-01-20 07:35:02,2022-01-19 00:00:00,Beach Rouge,Lunch,74
35236,73084,belle@fit.com,BM Belle,2022-01-21 05:47:38,2022-01-20 00:00:00,Beach Rouge,Lunch,95
35399,73247,belle@fit.com,BM Belle,2022-01-26 06:31:18,2022-01-21 00:00:00,Beach Rouge,Lunch,129
35401,73249,belle@fit.com,BM Belle,2022-01-26 06:31:18,2022-01-22 00:00:00,Beach Rouge,Lunch,170
35403,73251,belle@fit.com,BM Belle,2022-01-26 06:31:18,2022-01-23 00:00:00,Beach Rouge,Lunch,193
35405,73253,belle@fit.com,BM Belle,2022-01-26 06:31:18,2022-01-24 00:00:00,Beach Rouge,Lunch,97
35406,73254,belle@fit.com,BM Belle,2022-01-26 06:31:46,2022-01-25 00:00:00,Beach Rouge,Lunch,117
35763,73614,belle@fit.com,BM Belle,2022-01-31 08:05:08,2022-01-27 00:00:00,Beach Rouge,Lunch,189
35765,73616,belle@fit.com,BM Belle,2022-01-31 08:05:08,2022-01-28 00:00:00,Beach Rouge,Lunch,157
35767,73618,belle@fit.com,BM Belle,2022-01-31 08:05:08,2022-01-29 00:00:00,Beach Rouge,Lunch,157
35769,73620,belle@fit.com,BM Belle,2022-01-31 08:05:08,2022-01-30 00:00:00,Beach Rouge,Lunch,9
35826,73677,belle@fit.com,BM Belle,2022-02-03 05:24:07,2022-01-31 00:00:00,Beach Rouge,Lunch,121
36414,74271,belle@fit.com,BM Belle,2022-02-10 05:58:27,2022-02-01 00:00:00,Beach Rouge,Lunch,125
36418,74275,belle@fit.com,BM Belle,2022-02-10 05:58:54,2022-02-04 00:00:00,Beach Rouge,Lunch,117
36420,74277,belle@fit.com,BM Belle,2022-02-10 05:59:08,2022-02-05 00:00:00,Beach Rouge,Lunch,198
36422,74279,belle@fit.com,BM Belle,2022-02-10 05:59:20,2022-02-06 00:00:00,Beach Rouge,Lunch,158
36424,74281,belle@fit.com,BM Belle,2022-02-10 05:59:33,2022-02-07 00:00:00,Beach Rouge,Lunch,105
36426,74283,belle@fit.com,BM Belle,2022-02-10 05:59:43,2022-02-08 00:00:00,Beach Rouge,Lunch,90
36539,74398,belle@fit.com,BM Belle,2022-02-14 11:01:03,2022-02-09 00:00:00,Beach Rouge,Lunch,163
36541,74400,belle@fit.com,BM Belle,2022-02-14 11:01:03,2022-02-10 00:00:00,Beach Rouge,Lunch,111
36543,74402,belle@fit.com,BM Belle,2022-02-14 11:01:04,2022-02-11 00:00:00,Beach Rouge,Lunch,221
36545,74404,belle@fit.com,BM Belle,2022-02-14 11:01:04,2022-02-12 00:00:00,Beach Rouge,Lunch,156
36547,74406,belle@fit.com,BM Belle,2022-02-14 11:01:04,2022-02-13 00:00:00,Beach Rouge,Lunch,178
36599,74458,belle@fit.com,BM Belle,2022-02-15 05:53:07,2022-02-14 00:00:00,Beach Rouge,Lunch,191
36877,74738,belle@fit.com,BM Belle,2022-02-23 06:10:39,2022-02-15 00:00:00,Beach Rouge,Lunch,161
36879,74740,belle@fit.com,BM Belle,2022-02-23 06:10:52,2022-02-16 00:00:00,Beach Rouge,Lunch,168
36881,74742,belle@fit.com,BM Belle,2022-02-23 06:11:06,2022-02-17 00:00:00,Beach Rouge,Lunch,301
36883,74744,belle@fit.com,BM Belle,2022-02-23 06:11:21,2022-02-18 00:00:00,Beach Rouge,Lunch,134
36885,74746,belle@fit.com,BM Belle,2022-02-23 06:11:32,2022-02-19 00:00:00,Beach Rouge,Lunch,219
36887,74748,belle@fit.com,BM Belle,2022-02-23 06:11:49,2022-02-21 00:00:00,Beach Rouge,Lunch,195
37424,75295,belle@fit.com,BM Belle,2022-03-02 05:02:33,2022-02-22 00:00:00,Beach Rouge,Lunch,206
37426,75297,belle@fit.com,BM Belle,2022-03-02 05:02:33,2022-02-23 00:00:00,Beach Rouge,Lunch,242
37427,75298,belle@fit.com,BM Belle,2022-03-02 05:09:11,2022-02-24 00:00:00,Beach Rouge,Lunch,199
37429,75300,belle@fit.com,BM Belle,2022-03-02 05:09:35,2022-02-25 00:00:00,Beach Rouge,Lunch,167
37431,75302,belle@fit.com,BM Belle,2022-03-02 05:09:58,2022-02-26 00:00:00,Beach Rouge,Lunch,216
37433,75304,belle@fit.com,BM Belle,2022-03-02 05:10:15,2022-02-27 00:00:00,Beach Rouge,Lunch,161
37435,75306,belle@fit.com,BM Belle,2022-03-02 05:10:35,2022-02-28 00:00:00,Beach Rouge,Lunch,176
38177,76100,belle@fit.com,BM Belle,2022-03-16 05:14:07,2022-03-01 00:00:00,Beach Rouge,Lunch,187
38179,76102,belle@fit.com,BM Belle,2022-03-16 05:14:20,2022-03-02 00:00:00,Beach Rouge,Lunch,172
38181,76104,belle@fit.com,BM Belle,2022-03-16 05:14:37,2022-03-03 00:00:00,Beach Rouge,Lunch,163
38183,76106,belle@fit.com,BM Belle,2022-03-16 05:14:49,2022-03-04 00:00:00,Beach Rouge,Lunch,156
38185,76108,belle@fit.com,BM Belle,2022-03-16 05:15:02,2022-03-05 00:00:00,Beach Rouge,Lunch,117
38187,76110,belle@fit.com,BM Belle,2022-03-16 05:15:14,2022-03-06 00:00:00,Beach Rouge,Lunch,155
38189,76112,belle@fit.com,BM Belle,2022-03-16 05:15:25,2022-03-07 00:00:00,Beach Rouge,Lunch,140
38191,76114,belle@fit.com,BM Belle,2022-03-16 05:15:44,2022-03-08 00:00:00,Beach Rouge,Lunch,186
38193,76116,belle@fit.com,BM Belle,2022-03-16 05:16:03,2022-03-09 00:00:00,Beach Rouge,Lunch,107
38195,76118,belle@fit.com,BM Belle,2022-03-16 05:16:18,2022-03-10 00:00:00,Beach Rouge,Lunch,136
38196,76119,belle@fit.com,BM Belle,2022-03-16 05:16:39,2022-03-11 00:00:00,Beach Rouge,Lunch,100
38198,76121,belle@fit.com,BM Belle,2022-03-16 05:17:05,2022-03-12 00:00:00,Beach Rouge,Lunch,147
38200,76123,belle@fit.com,BM Belle,2022-03-16 05:17:28,2022-03-13 00:00:00,Beach Rouge,Lunch,2
38203,76126,belle@fit.com,BM Belle,2022-03-16 05:18:05,2022-03-14 00:00:00,Beach Rouge,Lunch,113
38836,81802,belle@fit.com,BM Belle,2022-05-26 11:19:27,2022-05-24 00:00:00,Beach Rouge,Lunch,227
39514,80230,belle@fit.com,BM Belle,2022-05-13 11:07:10,2022-05-01 00:00:00,Beach Rouge,Lunch,208
39516,80232,belle@fit.com,BM Belle,2022-05-13 11:07:22,2022-05-02 00:00:00,Beach Rouge,Lunch,208
39518,80234,belle@fit.com,BM Belle,2022-05-13 11:07:37,2022-05-03 00:00:00,Beach Rouge,Lunch,272
39519,80235,belle@fit.com,BM Belle,2022-05-13 11:07:47,2022-05-04 00:00:00,Beach Rouge,Lunch,163
39522,80238,belle@fit.com,BM Belle,2022-05-13 11:08:14,2022-05-05 00:00:00,Beach Rouge,Lunch,110
39524,80240,belle@fit.com,BM Belle,2022-05-13 11:08:29,2022-05-06 00:00:00,Beach Rouge,Lunch,128
39526,80242,belle@fit.com,BM Belle,2022-05-13 11:08:43,2022-05-07 00:00:00,Beach Rouge,Lunch,179
39528,80244,belle@fit.com,BM Belle,2022-05-13 11:08:56,2022-05-08 00:00:00,Beach Rouge,Lunch,29
39530,80246,belle@fit.com,BM Belle,2022-05-13 11:09:13,2022-05-09 00:00:00,Beach Rouge,Lunch,136
39532,80248,belle@fit.com,BM Belle,2022-05-13 11:09:24,2022-05-10 00:00:00,Beach Rouge,Lunch,120
39534,80250,belle@fit.com,BM Belle,2022-05-13 11:09:39,2022-05-11 00:00:00,Beach Rouge,Lunch,128
39535,80251,belle@fit.com,BM Belle,2022-05-13 11:10:18,2022-05-12 00:00:00,Beach Rouge,Lunch,128
39762,80696,belle@fit.com,BM Belle,2022-05-17 10:24:01,2022-05-13 00:00:00,Beach Rouge,Lunch,110
39764,80698,belle@fit.com,BM Belle,2022-05-17 10:25:30,2022-05-14 00:00:00,Beach Rouge,Lunch,310
39766,80700,belle@fit.com,BM Belle,2022-05-17 10:26:36,2022-05-15 00:00:00,Beach Rouge,Lunch,168
39768,80702,belle@fit.com,BM Belle,2022-05-17 10:27:42,2022-05-16 00:00:00,Beach Rouge,Lunch,103
40489,81800,belle@fit.com,BM Belle,2022-05-26 11:18:23,2022-05-23 00:00:00,Beach Rouge,Lunch,139
40624,81578,belle@fit.com,BM Belle,2022-05-25 06:07:25,2022-05-17 00:00:00,Beach Rouge,Lunch,142
40626,81580,belle@fit.com,BM Belle,2022-05-25 06:07:50,2022-05-18 00:00:00,Beach Rouge,Lunch,215
40628,81582,belle@fit.com,BM Belle,2022-05-25 06:09:03,2022-05-19 00:00:00,Beach Rouge,Lunch,97
40630,81584,belle@fit.com,BM Belle,2022-05-25 06:09:32,2022-05-20 00:00:00,Beach Rouge,Lunch,139
40631,81585,belle@fit.com,BM Belle,2022-05-25 06:10:14,2022-05-21 00:00:00,Beach Rouge,Lunch,98
40633,81587,belle@fit.com,BM Belle,2022-05-25 06:10:42,2022-05-22 00:00:00,Beach Rouge,Lunch,148
41168,82142,belle@fit.com,BM Belle,2022-05-31 05:53:47,2022-05-26 00:00:00,Beach Rouge,Lunch,217
41170,82144,belle@fit.com,BM Belle,2022-05-31 05:54:10,2022-05-27 00:00:00,Beach Rouge,Lunch,108
41171,82145,belle@fit.com,BM Belle,2022-05-31 05:56:22,2022-05-28 00:00:00,Beach Rouge,Lunch,150
41174,82148,belle@fit.com,BM Belle,2022-05-31 05:56:53,2022-05-29 00:00:00,Beach Rouge,Lunch,183
41175,82149,belle@fit.com,BM Belle,2022-05-31 05:57:09,2022-05-30 00:00:00,Beach Rouge,Lunch,137
41177,82151,belle@fit.com,BM Belle,2022-05-31 06:01:29,2022-05-25 00:00:00,Beach Rouge,Lunch,180
41396,82371,belle@fit.com,BM Belle,2022-06-02 07:37:31,2022-05-31 00:00:00,Beach Rouge,Lunch,162
42539,83565,belle@fit.com,BM Belle,2022-06-18 05:28:20,2022-06-01 00:00:00,Beach Rouge,Lunch,173
42541,83567,belle@fit.com,BM Belle,2022-06-18 05:28:35,2022-06-02 00:00:00,Beach Rouge,Lunch,168
42543,83569,belle@fit.com,BM Belle,2022-06-18 05:29:05,2022-06-03 00:00:00,Beach Rouge,Lunch,185
42545,83571,belle@fit.com,BM Belle,2022-06-18 05:29:27,2022-06-04 00:00:00,Beach Rouge,Lunch,137
42548,83574,belle@fit.com,BM Belle,2022-06-18 05:29:48,2022-06-06 00:00:00,Beach Rouge,Lunch,147
42551,83577,belle@fit.com,BM Belle,2022-06-18 05:30:11,2022-06-07 00:00:00,Beach Rouge,Lunch,77
42553,83579,belle@fit.com,BM Belle,2022-06-18 05:30:26,2022-06-08 00:00:00,Beach Rouge,Lunch,116
42555,83581,belle@fit.com,BM Belle,2022-06-18 05:30:37,2022-06-09 00:00:00,Beach Rouge,Lunch,106
42557,83583,belle@fit.com,BM Belle,2022-06-18 05:30:52,2022-06-10 00:00:00,Beach Rouge,Lunch,155
42559,83585,belle@fit.com,BM Belle,2022-06-18 05:31:07,2022-06-11 00:00:00,Beach Rouge,Lunch,105
42561,83587,belle@fit.com,BM Belle,2022-06-18 05:31:27,2022-06-12 00:00:00,Beach Rouge,Lunch,123
42563,83589,belle@fit.com,BM Belle,2022-06-18 05:31:53,2022-06-13 00:00:00,Beach Rouge,Lunch,91
42564,83590,belle@fit.com,BM Belle,2022-06-18 05:32:15,2022-06-14 00:00:00,Beach Rouge,Lunch,67
42566,83592,belle@fit.com,BM Belle,2022-06-18 05:32:34,2022-06-15 00:00:00,Beach Rouge,Lunch,110
42568,83594,belle@fit.com,BM Belle,2022-06-18 05:32:54,2022-06-16 00:00:00,Beach Rouge,Lunch,122
42570,83596,belle@fit.com,BM Belle,2022-06-18 05:52:58,2022-06-05 00:00:00,Beach Rouge,Lunch,50
20303,78085,clef@fit.com,CBOI_Tartuffe,2022-04-20 08:13:15,2022-04-17 00:00:00,Le Clef,Lunch,40
20305,78083,clef@fit.com,CBOI_Tartuffe,2022-04-20 08:12:38,2022-04-19 00:00:00,Le Clef,Lunch,325
20795,77586,clef@fit.com,CBOI_Tartuffe,2022-04-13 04:28:58,2022-04-09 00:00:00,Le Clef,Lunch,50
20796,77585,clef@fit.com,CBOI_Tartuffe,2022-04-13 04:28:24,2022-04-12 00:00:00,Le Clef,Lunch,335
21188,77192,clef@fit.com,CBOI_Tartuffe,2022-04-06 08:11:44,2022-04-05 00:00:00,Le Clef,Lunch,335
21442,76928,clef@fit.com,CBOI_Tartuffe,2022-03-31 16:20:13,2022-03-31 00:00:00,Le Clef,Lunch,26
21463,76907,clef@fit.com,CBOI_Tartuffe,2022-03-31 09:33:10,2022-03-30 00:00:00,Le Clef,Lunch,4
21543,76825,clef@fit.com,CBOI_Tartuffe,2022-03-29 03:15:46,2022-03-29 00:00:00,Le Clef,Lunch,335
21547,76821,clef@fit.com,CBOI_Tartuffe,2022-03-28 14:45:17,2022-03-28 00:00:00,Le Clef,Lunch,8
21647,76720,clef@fit.com,CBOI_Tartuffe,2022-03-25 18:02:43,2022-03-25 00:00:00,Le Clef,Lunch,6
21713,76654,clef@fit.com,CBOI_Tartuffe,2022-03-24 18:01:38,2022-03-24 00:00:00,Le Clef,Lunch,13
21774,76591,clef@fit.com,CBOI_Tartuffe,2022-03-23 11:30:31,2022-03-23 00:00:00,Le Clef,Lunch,35
21776,76589,clef@fit.com,CBOI_Tartuffe,2022-03-23 11:27:53,2022-03-16 00:00:00,Le Clef,Lunch,3
21838,76516,clef@fit.com,CBOI_Tartuffe,2022-03-22 04:03:55,2022-03-21 00:00:00,Le Clef,Lunch,4
21924,76425,clef@fit.com,CBOI_Tartuffe,2022-03-21 08:55:27,2022-03-17 00:00:00,Le Clef,Lunch,17
21933,76416,clef@fit.com,CBOI_Tartuffe,2022-03-21 07:38:48,2022-03-18 00:00:00,Le Clef,Lunch,4
22008,79078,clef@fit.com,CBOI_Tartuffe,2022-05-05 17:31:38,2022-05-02 00:00:00,Le Clef,Lunch,30
22011,79075,clef@fit.com,CBOI_Tartuffe,2022-05-05 17:31:15,2022-05-05 00:00:00,Le Clef,Lunch,3
22410,78655,clef@fit.com,CBOI_Tartuffe,2022-04-29 17:33:53,2022-04-29 00:00:00,Le Clef,Lunch,5
22488,78577,clef@fit.com,CBOI_Tartuffe,2022-04-28 06:15:19,2022-04-26 00:00:00,Le Clef,Lunch,335
22668,78399,clef@fit.com,CBOI_Tartuffe,2022-04-26 03:53:16,2022-04-26 00:00:00,Le Clef,Lunch,325
35237,73085,clef@fit.com,CBOI_Tartuffe,2022-01-21 08:13:55,2022-01-20 00:00:00,Le Clef,Lunch,4
35624,73475,clef@fit.com,CBOI_Tartuffe,2022-01-27 09:44:57,2022-01-24 00:00:00,Le Clef,Lunch,2
35626,73477,clef@fit.com,CBOI_Tartuffe,2022-01-27 09:45:31,2022-01-27 00:00:00,Le Clef,Lunch,4
35754,73605,clef@fit.com,CBOI_Tartuffe,2022-01-31 06:49:09,2022-01-29 00:00:00,Le Clef,Lunch,0
36251,74103,clef@fit.com,CBOI_Tartuffe,2022-02-07 09:36:16,2022-02-04 00:00:00,Le Clef,Lunch,5
36254,74109,clef@fit.com,CBOI_Tartuffe,2022-02-07 09:42:01,2022-02-03 00:00:00,Le Clef,Lunch,5
36485,74344,clef@fit.com,CBOI_Tartuffe,2022-02-12 06:17:57,2022-01-28 00:00:00,Le Clef,Lunch,4
36488,74347,clef@fit.com,CBOI_Tartuffe,2022-02-12 06:17:57,2022-02-08 00:00:00,Le Clef,Lunch,0
36489,74348,clef@fit.com,CBOI_Tartuffe,2022-02-12 06:17:57,2022-02-09 00:00:00,Le Clef,Lunch,3
36490,74349,clef@fit.com,CBOI_Tartuffe,2022-02-12 06:17:57,2022-02-10 00:00:00,Le Clef,Lunch,0
36492,74351,clef@fit.com,CBOI_Tartuffe,2022-02-12 06:17:57,2022-02-11 00:00:00,Le Clef,Lunch,0
36537,74396,clef@fit.com,CBOI_Tartuffe,2022-02-14 09:12:42,2022-01-22 00:00:00,Le Clef,Lunch,0
36550,74409,clef@fit.com,CBOI_Tartuffe,2022-02-14 11:07:45,2022-01-21 00:00:00,Le Clef,Lunch,0
36552,74411,clef@fit.com,CBOI_Tartuffe,2022-02-14 11:07:45,2022-01-25 00:00:00,Le Clef,Lunch,0
36553,74412,clef@fit.com,CBOI_Tartuffe,2022-02-14 11:07:45,2022-01-26 00:00:00,Le Clef,Lunch,0
36554,74413,clef@fit.com,CBOI_Tartuffe,2022-02-14 11:07:45,2022-01-31 00:00:00,Le Clef,Lunch,0
36557,74416,clef@fit.com,CBOI_Tartuffe,2022-02-14 11:15:11,2022-01-24 00:00:00,Le Clef,Lunch,3
36558,74417,clef@fit.com,CBOI_Tartuffe,2022-02-14 11:15:45,2022-02-04 00:00:00,Le Clef,Lunch,2
36561,74420,clef@fit.com,CBOI_Tartuffe,2022-02-14 11:16:28,2022-02-05 00:00:00,Le Clef,Lunch,0
36562,74421,clef@fit.com,CBOI_Tartuffe,2022-02-14 11:17:22,2022-02-07 00:00:00,Le Clef,Lunch,0
36566,74425,clef@fit.com,CBOI_Tartuffe,2022-02-14 11:22:20,2022-02-12 00:00:00,Le Clef,Lunch,0
36624,74483,clef@fit.com,CBOI_Tartuffe,2022-02-15 17:31:51,2022-02-15 00:00:00,Le Clef,Lunch,2
36625,74484,clef@fit.com,CBOI_Tartuffe,2022-02-15 17:32:24,2022-02-14 00:00:00,Le Clef,Lunch,0
37191,75058,clef@fit.com,CBOI_Tartuffe,2022-02-25 06:41:15,2022-02-14 00:00:00,Le Clef,Lunch,7
37192,75059,clef@fit.com,CBOI_Tartuffe,2022-02-25 06:42:31,2022-02-15 00:00:00,Le Clef,Lunch,32
37195,75062,clef@fit.com,CBOI_Tartuffe,2022-02-25 06:44:10,2022-02-16 00:00:00,Le Clef,Lunch,6
37197,75064,clef@fit.com,CBOI_Tartuffe,2022-02-25 06:44:10,2022-02-17 00:00:00,Le Clef,Lunch,6
37199,75066,clef@fit.com,CBOI_Tartuffe,2022-02-25 06:44:10,2022-02-18 00:00:00,Le Clef,Lunch,0
37201,75068,clef@fit.com,CBOI_Tartuffe,2022-02-25 06:44:10,2022-02-21 00:00:00,Le Clef,Lunch,0
37202,75069,clef@fit.com,CBOI_Tartuffe,2022-02-25 06:44:48,2022-02-19 00:00:00,Le Clef,Lunch,14
37203,75070,clef@fit.com,CBOI_Tartuffe,2022-02-25 06:45:09,2022-02-22 00:00:00,Le Clef,Lunch,15
37206,75073,clef@fit.com,CBOI_Tartuffe,2022-02-25 06:45:46,2022-02-23 00:00:00,Le Clef,Lunch,14
37207,75074,clef@fit.com,CBOI_Tartuffe,2022-02-25 06:46:01,2022-02-24 00:00:00,Le Clef,Lunch,4
38077,75991,clef@fit.com,CBOI_Tartuffe,2022-03-14 08:11:44,2021-12-28 00:00:00,Le Clef,Lunch,0
38078,75992,clef@fit.com,CBOI_Tartuffe,2022-03-14 08:11:44,2021-12-29 00:00:00,Le Clef,Lunch,0
38079,75993,clef@fit.com,CBOI_Tartuffe,2022-03-14 08:11:44,2021-12-30 00:00:00,Le Clef,Lunch,0
38080,75994,clef@fit.com,CBOI_Tartuffe,2022-03-14 08:11:44,2021-12-31 00:00:00,Le Clef,Lunch,0
38082,75996,clef@fit.com,CBOI_Tartuffe,2022-03-14 08:11:44,2022-01-10 00:00:00,Le Clef,Lunch,0
38083,75997,clef@fit.com,CBOI_Tartuffe,2022-03-14 08:11:44,2022-01-11 00:00:00,Le Clef,Lunch,0
38085,75999,clef@fit.com,CBOI_Tartuffe,2022-03-14 08:11:44,2022-01-12 00:00:00,Le Clef,Lunch,0
38087,76001,clef@fit.com,CBOI_Tartuffe,2022-03-14 08:11:44,2022-01-13 00:00:00,Le Clef,Lunch,0
38088,76002,clef@fit.com,CBOI_Tartuffe,2022-03-14 08:11:44,2022-01-14 00:00:00,Le Clef,Lunch,0
38091,76005,clef@fit.com,CBOI_Tartuffe,2022-03-14 08:11:44,2022-02-25 00:00:00,Le Clef,Lunch,0
38093,76007,clef@fit.com,CBOI_Tartuffe,2022-03-14 08:11:44,2022-02-26 00:00:00,Le Clef,Lunch,0
38095,76009,clef@fit.com,CBOI_Tartuffe,2022-03-14 08:11:44,2022-02-28 00:00:00,Le Clef,Lunch,0
38098,76012,clef@fit.com,CBOI_Tartuffe,2022-03-14 08:11:44,2022-03-02 00:00:00,Le Clef,Lunch,9
38100,76014,clef@fit.com,CBOI_Tartuffe,2022-03-14 08:13:21,2022-03-03 00:00:00,Le Clef,Lunch,5
38102,76016,clef@fit.com,CBOI_Tartuffe,2022-03-14 08:13:21,2022-03-04 00:00:00,Le Clef,Lunch,0
38103,76017,clef@fit.com,CBOI_Tartuffe,2022-03-14 08:13:21,2022-03-05 00:00:00,Le Clef,Lunch,0
38104,76018,clef@fit.com,CBOI_Tartuffe,2022-03-14 08:13:22,2022-03-07 00:00:00,Le Clef,Lunch,9
38106,76020,clef@fit.com,CBOI_Tartuffe,2022-03-14 08:13:22,2022-03-08 00:00:00,Le Clef,Lunch,6
38107,76021,clef@fit.com,CBOI_Tartuffe,2022-03-14 08:13:22,2022-03-09 00:00:00,Le Clef,Lunch,8
38108,76022,clef@fit.com,CBOI_Tartuffe,2022-03-14 08:13:22,2022-03-10 00:00:00,Le Clef,Lunch,14
38110,76024,clef@fit.com,CBOI_Tartuffe,2022-03-14 08:13:22,2022-03-11 00:00:00,Le Clef,Lunch,0
38111,76025,clef@fit.com,CBOI_Tartuffe,2022-03-14 08:13:41,2022-03-14 00:00:00,Le Clef,Lunch,3
38668,79363,clef@fit.com,CBOI_Tartuffe,2022-05-11 04:07:52,2022-05-10 00:00:00,Le Clef,Lunch,350
38670,79365,clef@fit.com,CBOI_Tartuffe,2022-05-11 04:08:15,2022-05-09 00:00:00,Le Clef,Lunch,13
39027,79730,clef@fit.com,CBOI_Tartuffe,2022-05-11 17:39:22,2022-05-11 00:00:00,Le Clef,Lunch,5
39344,80047,clef@fit.com,CBOI_Tartuffe,2022-05-12 17:20:07,2022-05-12 00:00:00,Le Clef,Lunch,25
39887,80821,clef@fit.com,CBOI_Tartuffe,2022-05-18 06:18:57,2022-05-17 00:00:00,Le Clef,Lunch,333
39889,80823,clef@fit.com,CBOI_Tartuffe,2022-05-18 06:19:40,2022-05-16 00:00:00,Le Clef,Lunch,16
40334,81269,clef@fit.com,CBOI_Tartuffe,2022-05-23 08:36:53,2022-05-20 00:00:00,Le Clef,Lunch,2
40335,81270,clef@fit.com,CBOI_Tartuffe,2022-05-23 08:37:07,2022-05-19 00:00:00,Le Clef,Lunch,25
40337,81272,clef@fit.com,CBOI_Tartuffe,2022-05-23 08:39:49,2022-05-21 00:00:00,Le Clef,Lunch,80
40338,81273,clef@fit.com,CBOI_Tartuffe,2022-05-23 08:41:21,2022-05-23 00:00:00,Le Clef,Lunch,325
40884,81853,clef@fit.com,CBOI_Tartuffe,2022-05-26 17:07:54,2022-05-26 00:00:00,Le Clef,Lunch,18
40886,81855,clef@fit.com,CBOI_Tartuffe,2022-05-26 17:08:43,2022-05-25 00:00:00,Le Clef,Lunch,35
40887,81856,clef@fit.com,CBOI_Tartuffe,2022-05-26 17:09:54,2022-05-24 00:00:00,Le Clef,Lunch,335
40955,81924,clef@fit.com,CBOI_Tartuffe,2022-05-27 18:10:37,2022-05-27 00:00:00,Le Clef,Lunch,13
41442,82418,clef@fit.com,CBOI_Tartuffe,2022-06-02 17:24:16,2022-06-02 00:00:00,Le Clef,Lunch,168
41444,82420,clef@fit.com,CBOI_Tartuffe,2022-06-02 17:24:46,2022-06-01 00:00:00,Le Clef,Lunch,110
41446,82422,clef@fit.com,CBOI_Tartuffe,2022-06-02 17:25:08,2022-05-30 00:00:00,Le Clef,Lunch,110
41447,82423,clef@fit.com,CBOI_Tartuffe,2022-06-02 17:26:38,2022-05-31 00:00:00,Le Clef,Lunch,488
41581,82566,clef@fit.com,CBOI_Tartuffe,2022-06-04 09:23:34,2022-06-04 00:00:00,Le Clef,Lunch,4
41582,82567,clef@fit.com,CBOI_Tartuffe,2022-06-04 09:23:44,2022-06-03 00:00:00,Le Clef,Lunch,100
41821,82811,clef@fit.com,CBOI_Tartuffe,2022-06-08 05:56:17,2022-06-07 00:00:00,Le Clef,Lunch,70
41861,82856,clef@fit.com,CBOI_Tartuffe,2022-06-08 15:28:02,2022-06-08 00:00:00,Le Clef,Lunch,21
41893,82889,clef@fit.com,CBOI_Tartuffe,2022-06-09 12:57:44,2022-06-09 00:00:00,Le Clef,Lunch,14
42042,83054,clef@fit.com,CBOI_Tartuffe,2022-06-10 17:54:44,2022-06-10 00:00:00,Le Clef,Lunch,16
42208,83226,clef@fit.com,CBOI_Tartuffe,2022-06-13 14:53:49,2022-06-13 00:00:00,Le Clef,Lunch,330
42267,83286,clef@fit.com,CBOI_Tartuffe,2022-06-14 14:51:06,2022-06-14 00:00:00,Le Clef,Lunch,330
42376,83399,clef@fit.com,CBOI_Tartuffe,2022-06-15 14:54:36,2022-06-15 00:00:00,Le Clef,Lunch,330
42451,83474,clef@fit.com,CBOI_Tartuffe,2022-06-16 18:03:42,2022-06-16 00:00:00,Le Clef,Lunch,347
42519,83545,clef@fit.com,CBOI_Tartuffe,2022-06-17 15:38:29,2022-06-17 00:00:00,Le Clef,Lunch,82
42582,83608,clef@fit.com,CBOI_Tartuffe,2022-06-18 12:44:13,2022-06-18 00:00:00,Le Clef,Lunch,330
42767,83797,clef@fit.com,CBOI_Tartuffe,2022-06-21 01:41:07,2022-06-20 00:00:00,Le Clef,Lunch,342
20303,78085,clef@fit.com,CBOI_Tartuffe,2022-04-20 08:13:15,2022-04-17 00:00:00,Le Clef,Lunch,40
20305,78083,clef@fit.com,CBOI_Tartuffe,2022-04-20 08:12:38,2022-04-19 00:00:00,Le Clef,Lunch,325
20795,77586,clef@fit.com,CBOI_Tartuffe,2022-04-13 04:28:58,2022-04-09 00:00:00,Le Clef,Lunch,50
20796,77585,clef@fit.com,CBOI_Tartuffe,2022-04-13 04:28:24,2022-04-12 00:00:00,Le Clef,Lunch,335
21188,77192,clef@fit.com,CBOI_Tartuffe,2022-04-06 08:11:44,2022-04-05 00:00:00,Le Clef,Lunch,335
21442,76928,clef@fit.com,CBOI_Tartuffe,2022-03-31 16:20:13,2022-03-31 00:00:00,Le Clef,Lunch,26
21463,76907,clef@fit.com,CBOI_Tartuffe,2022-03-31 09:33:10,2022-03-30 00:00:00,Le Clef,Lunch,4
21543,76825,clef@fit.com,CBOI_Tartuffe,2022-03-29 03:15:46,2022-03-29 00:00:00,Le Clef,Lunch,335
21547,76821,clef@fit.com,CBOI_Tartuffe,2022-03-28 14:45:17,2022-03-28 00:00:00,Le Clef,Lunch,8
21647,76720,clef@fit.com,CBOI_Tartuffe,2022-03-25 18:02:43,2022-03-25 00:00:00,Le Clef,Lunch,6
21713,76654,clef@fit.com,CBOI_Tartuffe,2022-03-24 18:01:38,2022-03-24 00:00:00,Le Clef,Lunch,13
21774,76591,clef@fit.com,CBOI_Tartuffe,2022-03-23 11:30:31,2022-03-23 00:00:00,Le Clef,Lunch,35
21776,76589,clef@fit.com,CBOI_Tartuffe,2022-03-23 11:27:53,2022-03-16 00:00:00,Le Clef,Lunch,3
21838,76516,clef@fit.com,CBOI_Tartuffe,2022-03-22 04:03:55,2022-03-21 00:00:00,Le Clef,Lunch,4
21924,76425,clef@fit.com,CBOI_Tartuffe,2022-03-21 08:55:27,2022-03-17 00:00:00,Le Clef,Lunch,17
21933,76416,clef@fit.com,CBOI_Tartuffe,2022-03-21 07:38:48,2022-03-18 00:00:00,Le Clef,Lunch,4
22008,79078,clef@fit.com,CBOI_Tartuffe,2022-05-05 17:31:38,2022-05-02 00:00:00,Le Clef,Lunch,30
22011,79075,clef@fit.com,CBOI_Tartuffe,2022-05-05 17:31:15,2022-05-05 00:00:00,Le Clef,Lunch,3
22410,78655,clef@fit.com,CBOI_Tartuffe,2022-04-29 17:33:53,2022-04-29 00:00:00,Le Clef,Lunch,5
22488,78577,clef@fit.com,CBOI_Tartuffe,2022-04-28 06:15:19,2022-04-26 00:00:00,Le Clef,Lunch,335
22668,78399,clef@fit.com,CBOI_Tartuffe,2022-04-26 03:53:16,2022-04-26 00:00:00,Le Clef,Lunch,325
35237,73085,clef@fit.com,CBOI_Tartuffe,2022-01-21 08:13:55,2022-01-20 00:00:00,Le Clef,Lunch,4
35624,73475,clef@fit.com,CBOI_Tartuffe,2022-01-27 09:44:57,2022-01-24 00:00:00,Le Clef,Lunch,2
35626,73477,clef@fit.com,CBOI_Tartuffe,2022-01-27 09:45:31,2022-01-27 00:00:00,Le Clef,Lunch,4
35754,73605,clef@fit.com,CBOI_Tartuffe,2022-01-31 06:49:09,2022-01-29 00:00:00,Le Clef,Lunch,0
36251,74103,clef@fit.com,CBOI_Tartuffe,2022-02-07 09:36:16,2022-02-04 00:00:00,Le Clef,Lunch,5
36254,74109,clef@fit.com,CBOI_Tartuffe,2022-02-07 09:42:01,2022-02-03 00:00:00,Le Clef,Lunch,5
36485,74344,clef@fit.com,CBOI_Tartuffe,2022-02-12 06:17:57,2022-01-28 00:00:00,Le Clef,Lunch,4
36488,74347,clef@fit.com,CBOI_Tartuffe,2022-02-12 06:17:57,2022-02-08 00:00:00,Le Clef,Lunch,0
36489,74348,clef@fit.com,CBOI_Tartuffe,2022-02-12 06:17:57,2022-02-09 00:00:00,Le Clef,Lunch,3
36490,74349,clef@fit.com,CBOI_Tartuffe,2022-02-12 06:17:57,2022-02-10 00:00:00,Le Clef,Lunch,0
36492,74351,clef@fit.com,CBOI_Tartuffe,2022-02-12 06:17:57,2022-02-11 00:00:00,Le Clef,Lunch,0
36537,74396,clef@fit.com,CBOI_Tartuffe,2022-02-14 09:12:42,2022-01-22 00:00:00,Le Clef,Lunch,0
36550,74409,clef@fit.com,CBOI_Tartuffe,2022-02-14 11:07:45,2022-01-21 00:00:00,Le Clef,Lunch,0
36552,74411,clef@fit.com,CBOI_Tartuffe,2022-02-14 11:07:45,2022-01-25 00:00:00,Le Clef,Lunch,0
36553,74412,clef@fit.com,CBOI_Tartuffe,2022-02-14 11:07:45,2022-01-26 00:00:00,Le Clef,Lunch,0
36554,74413,clef@fit.com,CBOI_Tartuffe,2022-02-14 11:07:45,2022-01-31 00:00:00,Le Clef,Lunch,0
36557,74416,clef@fit.com,CBOI_Tartuffe,2022-02-14 11:15:11,2022-01-24 00:00:00,Le Clef,Lunch,3
36558,74417,clef@fit.com,CBOI_Tartuffe,2022-02-14 11:15:45,2022-02-04 00:00:00,Le Clef,Lunch,2
36561,74420,clef@fit.com,CBOI_Tartuffe,2022-02-14 11:16:28,2022-02-05 00:00:00,Le Clef,Lunch,0
36562,74421,clef@fit.com,CBOI_Tartuffe,2022-02-14 11:17:22,2022-02-07 00:00:00,Le Clef,Lunch,0
36566,74425,clef@fit.com,CBOI_Tartuffe,2022-02-14 11:22:20,2022-02-12 00:00:00,Le Clef,Lunch,0
36624,74483,clef@fit.com,CBOI_Tartuffe,2022-02-15 17:31:51,2022-02-15 00:00:00,Le Clef,Lunch,2
36625,74484,clef@fit.com,CBOI_Tartuffe,2022-02-15 17:32:24,2022-02-14 00:00:00,Le Clef,Lunch,0
37191,75058,clef@fit.com,CBOI_Tartuffe,2022-02-25 06:41:15,2022-02-14 00:00:00,Le Clef,Lunch,7
37192,75059,clef@fit.com,CBOI_Tartuffe,2022-02-25 06:42:31,2022-02-15 00:00:00,Le Clef,Lunch,32
37195,75062,clef@fit.com,CBOI_Tartuffe,2022-02-25 06:44:10,2022-02-16 00:00:00,Le Clef,Lunch,6
37197,75064,clef@fit.com,CBOI_Tartuffe,2022-02-25 06:44:10,2022-02-17 00:00:00,Le Clef,Lunch,6
37199,75066,clef@fit.com,CBOI_Tartuffe,2022-02-25 06:44:10,2022-02-18 00:00:00,Le Clef,Lunch,0
37201,75068,clef@fit.com,CBOI_Tartuffe,2022-02-25 06:44:10,2022-02-21 00:00:00,Le Clef,Lunch,0
37202,75069,clef@fit.com,CBOI_Tartuffe,2022-02-25 06:44:48,2022-02-19 00:00:00,Le Clef,Lunch,14
37203,75070,clef@fit.com,CBOI_Tartuffe,2022-02-25 06:45:09,2022-02-22 00:00:00,Le Clef,Lunch,15
37206,75073,clef@fit.com,CBOI_Tartuffe,2022-02-25 06:45:46,2022-02-23 00:00:00,Le Clef,Lunch,14
37207,75074,clef@fit.com,CBOI_Tartuffe,2022-02-25 06:46:01,2022-02-24 00:00:00,Le Clef,Lunch,4
38077,75991,clef@fit.com,CBOI_Tartuffe,2022-03-14 08:11:44,2021-12-28 00:00:00,Le Clef,Lunch,0
38078,75992,clef@fit.com,CBOI_Tartuffe,2022-03-14 08:11:44,2021-12-29 00:00:00,Le Clef,Lunch,0
38079,75993,clef@fit.com,CBOI_Tartuffe,2022-03-14 08:11:44,2021-12-30 00:00:00,Le Clef,Lunch,0
38080,75994,clef@fit.com,CBOI_Tartuffe,2022-03-14 08:11:44,2021-12-31 00:00:00,Le Clef,Lunch,0
38082,75996,clef@fit.com,CBOI_Tartuffe,2022-03-14 08:11:44,2022-01-10 00:00:00,Le Clef,Lunch,0
38083,75997,clef@fit.com,CBOI_Tartuffe,2022-03-14 08:11:44,2022-01-11 00:00:00,Le Clef,Lunch,0
38085,75999,clef@fit.com,CBOI_Tartuffe,2022-03-14 08:11:44,2022-01-12 00:00:00,Le Clef,Lunch,0
38087,76001,clef@fit.com,CBOI_Tartuffe,2022-03-14 08:11:44,2022-01-13 00:00:00,Le Clef,Lunch,0
38088,76002,clef@fit.com,CBOI_Tartuffe,2022-03-14 08:11:44,2022-01-14 00:00:00,Le Clef,Lunch,0
38091,76005,clef@fit.com,CBOI_Tartuffe,2022-03-14 08:11:44,2022-02-25 00:00:00,Le Clef,Lunch,0
38093,76007,clef@fit.com,CBOI_Tartuffe,2022-03-14 08:11:44,2022-02-26 00:00:00,Le Clef,Lunch,0
38095,76009,clef@fit.com,CBOI_Tartuffe,2022-03-14 08:11:44,2022-02-28 00:00:00,Le Clef,Lunch,0
38098,76012,clef@fit.com,CBOI_Tartuffe,2022-03-14 08:11:44,2022-03-02 00:00:00,Le Clef,Lunch,9
38100,76014,clef@fit.com,CBOI_Tartuffe,2022-03-14 08:13:21,2022-03-03 00:00:00,Le Clef,Lunch,5
38102,76016,clef@fit.com,CBOI_Tartuffe,2022-03-14 08:13:21,2022-03-04 00:00:00,Le Clef,Lunch,0
38103,76017,clef@fit.com,CBOI_Tartuffe,2022-03-14 08:13:21,2022-03-05 00:00:00,Le Clef,Lunch,0
38104,76018,clef@fit.com,CBOI_Tartuffe,2022-03-14 08:13:22,2022-03-07 00:00:00,Le Clef,Lunch,9
38106,76020,clef@fit.com,CBOI_Tartuffe,2022-03-14 08:13:22,2022-03-08 00:00:00,Le Clef,Lunch,6
38107,76021,clef@fit.com,CBOI_Tartuffe,2022-03-14 08:13:22,2022-03-09 00:00:00,Le Clef,Lunch,8
38108,76022,clef@fit.com,CBOI_Tartuffe,2022-03-14 08:13:22,2022-03-10 00:00:00,Le Clef,Lunch,14
38110,76024,clef@fit.com,CBOI_Tartuffe,2022-03-14 08:13:22,2022-03-11 00:00:00,Le Clef,Lunch,0
38111,76025,clef@fit.com,CBOI_Tartuffe,2022-03-14 08:13:41,2022-03-14 00:00:00,Le Clef,Lunch,3
38668,79363,clef@fit.com,CBOI_Tartuffe,2022-05-11 04:07:52,2022-05-10 00:00:00,Le Clef,Lunch,350
38670,79365,clef@fit.com,CBOI_Tartuffe,2022-05-11 04:08:15,2022-05-09 00:00:00,Le Clef,Lunch,13
39027,79730,clef@fit.com,CBOI_Tartuffe,2022-05-11 17:39:22,2022-05-11 00:00:00,Le Clef,Lunch,5
39344,80047,clef@fit.com,CBOI_Tartuffe,2022-05-12 17:20:07,2022-05-12 00:00:00,Le Clef,Lunch,25
39887,80821,clef@fit.com,CBOI_Tartuffe,2022-05-18 06:18:57,2022-05-17 00:00:00,Le Clef,Lunch,333
39889,80823,clef@fit.com,CBOI_Tartuffe,2022-05-18 06:19:40,2022-05-16 00:00:00,Le Clef,Lunch,16
40334,81269,clef@fit.com,CBOI_Tartuffe,2022-05-23 08:36:53,2022-05-20 00:00:00,Le Clef,Lunch,2
40335,81270,clef@fit.com,CBOI_Tartuffe,2022-05-23 08:37:07,2022-05-19 00:00:00,Le Clef,Lunch,25
40337,81272,clef@fit.com,CBOI_Tartuffe,2022-05-23 08:39:49,2022-05-21 00:00:00,Le Clef,Lunch,80
40338,81273,clef@fit.com,CBOI_Tartuffe,2022-05-23 08:41:21,2022-05-23 00:00:00,Le Clef,Lunch,325
40884,81853,clef@fit.com,CBOI_Tartuffe,2022-05-26 17:07:54,2022-05-26 00:00:00,Le Clef,Lunch,18
40886,81855,clef@fit.com,CBOI_Tartuffe,2022-05-26 17:08:43,2022-05-25 00:00:00,Le Clef,Lunch,35
40887,81856,clef@fit.com,CBOI_Tartuffe,2022-05-26 17:09:54,2022-05-24 00:00:00,Le Clef,Lunch,335
40955,81924,clef@fit.com,CBOI_Tartuffe,2022-05-27 18:10:37,2022-05-27 00:00:00,Le Clef,Lunch,13
41442,82418,clef@fit.com,CBOI_Tartuffe,2022-06-02 17:24:16,2022-06-02 00:00:00,Le Clef,Lunch,168
41444,82420,clef@fit.com,CBOI_Tartuffe,2022-06-02 17:24:46,2022-06-01 00:00:00,Le Clef,Lunch,110
41446,82422,clef@fit.com,CBOI_Tartuffe,2022-06-02 17:25:08,2022-05-30 00:00:00,Le Clef,Lunch,110
41447,82423,clef@fit.com,CBOI_Tartuffe,2022-06-02 17:26:38,2022-05-31 00:00:00,Le Clef,Lunch,488
41581,82566,clef@fit.com,CBOI_Tartuffe,2022-06-04 09:23:34,2022-06-04 00:00:00,Le Clef,Lunch,4
41582,82567,clef@fit.com,CBOI_Tartuffe,2022-06-04 09:23:44,2022-06-03 00:00:00,Le Clef,Lunch,100
41821,82811,clef@fit.com,CBOI_Tartuffe,2022-06-08 05:56:17,2022-06-07 00:00:00,Le Clef,Lunch,70
41861,82856,clef@fit.com,CBOI_Tartuffe,2022-06-08 15:28:02,2022-06-08 00:00:00,Le Clef,Lunch,21
41893,82889,clef@fit.com,CBOI_Tartuffe,2022-06-09 12:57:44,2022-06-09 00:00:00,Le Clef,Lunch,14
42042,83054,clef@fit.com,CBOI_Tartuffe,2022-06-10 17:54:44,2022-06-10 00:00:00,Le Clef,Lunch,16
42208,83226,clef@fit.com,CBOI_Tartuffe,2022-06-13 14:53:49,2022-06-13 00:00:00,Le Clef,Lunch,330
42267,83286,clef@fit.com,CBOI_Tartuffe,2022-06-14 14:51:06,2022-06-14 00:00:00,Le Clef,Lunch,330
42376,83399,clef@fit.com,CBOI_Tartuffe,2022-06-15 14:54:36,2022-06-15 00:00:00,Le Clef,Lunch,330
42451,83474,clef@fit.com,CBOI_Tartuffe,2022-06-16 18:03:42,2022-06-16 00:00:00,Le Clef,Lunch,347
42519,83545,clef@fit.com,CBOI_Tartuffe,2022-06-17 15:38:29,2022-06-17 00:00:00,Le Clef,Lunch,82
42582,83608,clef@fit.com,CBOI_Tartuffe,2022-06-18 12:44:13,2022-06-18 00:00:00,Le Clef,Lunch,330
42767,83797,clef@fit.com,CBOI_Tartuffe,2022-06-21 01:41:07,2022-06-20 00:00:00,Le Clef,Lunch,342
